Sentiment,AvgLikes,AvgRetweets
Negative,70.46153846153847,26.576923076923077
Neutral,64.9090909090909,21.848484848484848
Positive,91.41463414634147,28.390243902439025
