AgeGroup,AvgLikes,AvgRetweets
Senior,78.89285714285714,27.357142857142858
Adult,77.475,26.975
Teen,75.4375,22.84375
